URL,Last crawled
https://graycup.in/andhra-pradesh/amaravati-vijayawada-guntur/filter-coffee,1970-01-01
https://graycup.in/andhra-pradesh/ground-coffee,1970-01-01
https://graycup.in/andhra-pradesh/guntur/filter-coffee,1970-01-01
https://graycup.in/andhra-pradesh/guntur/ground-coffee,1970-01-01
https://graycup.in/andhra-pradesh/nellore/black-coffee,1970-01-01
https://graycup.in/andhra-pradesh/nellore/filter-coffee,1970-01-01
https://graycup.in/andhra-pradesh/visakhapatnam/black-coffee,1970-01-01
https://graycup.in/andhra-pradesh/visakhapatnam/coffee-products,1970-01-01
https://graycup.in/andhra-pradesh/visakhapatnam/ground-coffee,1970-01-01
https://graycup.in/arunachal-pradesh/itanagar/filter-coffee,1970-01-01
https://graycup.in/arunachal-pradesh/itanagar/ground-coffee,1970-01-01
https://graycup.in/assam/silchar/filter-coffee,1970-01-01
https://graycup.in/bihar/bhagalpur/filter-coffee,1970-01-01
https://graycup.in/bihar/muzaffarpur/ground-coffee,1970-01-01
https://graycup.in/bihar/patna/filter-coffee,1970-01-01
https://graycup.in/chandigarh/chandigarh/filter-coffee,1970-01-01
https://graycup.in/chandigarh/filter-coffee,1970-01-01
https://graycup.in/checkout,1970-01-01
https://graycup.in/chhattisgarh/bhilai/black-coffee,1970-01-01
https://graycup.in/chhattisgarh/bilaspur/filter-coffee,1970-01-01
https://graycup.in/chhattisgarh/bilaspur/ground-coffee,1970-01-01
https://graycup.in/chhattisgarh/filter-coffee,1970-01-01
https://graycup.in/chhattisgarh/raipur/black-coffee,1970-01-01
https://graycup.in/chhattisgarh/raipur/ground-coffee,1970-01-01
https://graycup.in/delhi/gurugram/filter-coffee,1970-01-01
https://graycup.in/delhi/noida/coffee-products,1970-01-01
https://graycup.in/delhi/noida/filter-coffee,1970-01-01
https://graycup.in/glossary/cupping,1970-01-01
https://graycup.in/glossary/single-origin,1970-01-01
https://graycup.in/glossary/varietal,1970-01-01
https://graycup.in/goa/panaji/ground-coffee,1970-01-01
https://graycup.in/ground-coffee-for-cafes/agartala,1970-01-01
https://graycup.in/ground-coffee-for-cafes/agra,1970-01-01
https://graycup.in/ground-coffee-for-cafes/ahmedabad,1970-01-01
https://graycup.in/ground-coffee-for-cafes/aizawl,1970-01-01
https://graycup.in/ground-coffee-for-cafes/amaravati-vijayawada-guntur,1970-01-01
https://graycup.in/ground-coffee-for-cafes/amritsar,1970-01-01
https://graycup.in/ground-coffee-for-cafes/asansol,1970-01-01
https://graycup.in/ground-coffee-for-cafes/bengaluru,1970-01-01
https://graycup.in/ground-coffee-for-cafes/berhampur,1970-01-01
https://graycup.in/ground-coffee-for-cafes/bhagalpur,1970-01-01
https://graycup.in/ground-coffee-for-cafes/bhilai,1970-01-01
https://graycup.in/ground-coffee-for-cafes/bhopal,1970-01-01
https://graycup.in/ground-coffee-for-cafes/bhubaneswar,1970-01-01
https://graycup.in/ground-coffee-for-cafes/bikaner,1970-01-01
https://graycup.in/ground-coffee-for-cafes/bilaspur,1970-01-01
https://graycup.in/ground-coffee-for-cafes/bokaro,1970-01-01
https://graycup.in/ground-coffee-for-cafes/chandigarh,1970-01-01
https://graycup.in/ground-coffee-for-cafes/chennai,1970-01-01
https://graycup.in/ground-coffee-for-cafes/coimbatore,1970-01-01
https://graycup.in/ground-coffee-for-cafes/cuttack,1970-01-01
https://graycup.in/ground-coffee-for-cafes/dehradun,1970-01-01
https://graycup.in/ground-coffee-for-cafes/dhanbad,1970-01-01
https://graycup.in/ground-coffee-for-cafes/durgapur,1970-01-01
https://graycup.in/ground-coffee-for-cafes/gangtok,1970-01-01
https://graycup.in/ground-coffee-for-cafes/gaya,1970-01-01
https://graycup.in/ground-coffee-for-cafes/guntur,1970-01-01
https://graycup.in/ground-coffee-for-cafes/gurugram,1970-01-01
https://graycup.in/ground-coffee-for-cafes/guwahati,1970-01-01
https://graycup.in/ground-coffee-for-cafes/gwalior,1970-01-01
https://graycup.in/ground-coffee-for-cafes/haridwar,1970-01-01
https://graycup.in/ground-coffee-for-cafes/hisar,1970-01-01
https://graycup.in/ground-coffee-for-cafes/hubli-dharwad,1970-01-01
https://graycup.in/ground-coffee-for-cafes/hyderabad,1970-01-01
https://graycup.in/ground-coffee-for-cafes/imphal,1970-01-01
https://graycup.in/ground-coffee-for-cafes/indore,1970-01-01
https://graycup.in/ground-coffee-for-cafes/itanagar,1970-01-01
https://graycup.in/ground-coffee-for-cafes/jabalpur,1970-01-01
https://graycup.in/ground-coffee-for-cafes/jaipur,1970-01-01
https://graycup.in/ground-coffee-for-cafes/jalandhar,1970-01-01
https://graycup.in/ground-coffee-for-cafes/jammu,1970-01-01
https://graycup.in/ground-coffee-for-cafes/jamshedpur,1970-01-01
https://graycup.in/ground-coffee-for-cafes/jodhpur,1970-01-01
https://graycup.in/ground-coffee-for-cafes/kanpur,1970-01-01
https://graycup.in/ground-coffee-for-cafes/karimnagar,1970-01-01
https://graycup.in/ground-coffee-for-cafes/karnal,1970-01-01
https://graycup.in/ground-coffee-for-cafes/kochi,1970-01-01
https://graycup.in/ground-coffee-for-cafes/kohima,1970-01-01
https://graycup.in/ground-coffee-for-cafes/kolkata,1970-01-01
https://graycup.in/ground-coffee-for-cafes/kollam,1970-01-01
https://graycup.in/ground-coffee-for-cafes/korba,1970-01-01
https://graycup.in/ground-coffee-for-cafes/kota,1970-01-01
https://graycup.in/ground-coffee-for-cafes/lucknow,1970-01-01
https://graycup.in/ground-coffee-for-cafes/ludhiana,1970-01-01
https://graycup.in/ground-coffee-for-cafes/madurai,1970-01-01
https://graycup.in/ground-coffee-for-cafes/mangaluru,1970-01-01
https://graycup.in/ground-coffee-for-cafes/meerut,1970-01-01
https://graycup.in/ground-coffee-for-cafes/mumbai,1970-01-01
https://graycup.in/ground-coffee-for-cafes/muzaffarpur,1970-01-01
https://graycup.in/ground-coffee-for-cafes/mysuru,1970-01-01
https://graycup.in/ground-coffee-for-cafes/nagpur,1970-01-01
https://graycup.in/ground-coffee-for-cafes/nashik,1970-01-01
https://graycup.in/ground-coffee-for-cafes/nellore,1970-01-01
https://graycup.in/ground-coffee-for-cafes/new-delhi,1970-01-01
https://graycup.in/ground-coffee-for-cafes/nizamabad,1970-01-01
https://graycup.in/ground-coffee-for-cafes/noida,1970-01-01
https://graycup.in/ground-coffee-for-cafes/ozhukarai,1970-01-01
https://graycup.in/ground-coffee-for-cafes/panaji,1970-01-01
https://graycup.in/ground-coffee-for-cafes/panipat,1970-01-01
https://graycup.in/ground-coffee-for-cafes/patiala,1970-01-01
https://graycup.in/ground-coffee-for-cafes/patna,1970-01-01
https://graycup.in/ground-coffee-for-cafes/puducherry,1970-01-01
https://graycup.in/ground-coffee-for-cafes/pune,1970-01-01
https://graycup.in/ground-coffee-for-cafes/raipur,1970-01-01
https://graycup.in/ground-coffee-for-cafes/rajkot,1970-01-01
https://graycup.in/ground-coffee-for-cafes/ranchi,1970-01-01
https://graycup.in/ground-coffee-for-cafes/rohtak,1970-01-01
https://graycup.in/ground-coffee-for-cafes/rourkela,1970-01-01
https://graycup.in/ground-coffee-for-cafes/salem,1970-01-01
https://graycup.in/ground-coffee-for-cafes/shillong,1970-01-01
https://graycup.in/ground-coffee-for-cafes/shimla,1970-01-01
https://graycup.in/ground-coffee-for-cafes/silchar,1970-01-01
https://graycup.in/ground-coffee-for-cafes/siliguri,1970-01-01
https://graycup.in/ground-coffee-for-cafes/south-delhi,1970-01-01
https://graycup.in/ground-coffee-for-cafes/srinagar,1970-01-01
https://graycup.in/ground-coffee-for-cafes/surat,1970-01-01
https://graycup.in/ground-coffee-for-cafes/thiruvananthapuram,1970-01-01
https://graycup.in/ground-coffee-for-cafes/thrissur,1970-01-01
https://graycup.in/ground-coffee-for-cafes/vadodara,1970-01-01
https://graycup.in/ground-coffee-for-cafes/visakhapatnam,1970-01-01
https://graycup.in/ground-coffee-for-cafes/warangal,1970-01-01
https://graycup.in/guides/arabica-vs-robusta,1970-01-01
https://graycup.in/guides/arabica-vs-robusta-caffeine,1970-01-01
https://graycup.in/guides/best-arabica-coffee-in-india,1970-01-01
https://graycup.in/guides/best-arabica-robusta-blend-coffee,1970-01-01
https://graycup.in/guides/best-black-coffee-for-fatty-liver,1970-01-01
https://graycup.in/guides/best-black-coffee-for-weight-loss,1970-01-01
https://graycup.in/guides/best-black-coffee-in-india,1970-01-01
https://graycup.in/guides/best-black-coffee-without-sugar,1970-01-01
https://graycup.in/guides/best-coffee-beans-for-black-coffee,1970-01-01
https://graycup.in/guides/best-coffee-beans-in-india,1970-01-01
https://graycup.in/guides/best-coffee-before-workout,1970-01-01
https://graycup.in/guides/best-coffee-for-aeropress,1970-01-01
https://graycup.in/guides/best-coffee-for-athletes,1970-01-01
https://graycup.in/guides/best-coffee-for-beginners,1970-01-01
https://graycup.in/guides/best-coffee-for-belly-fat,1970-01-01
https://graycup.in/guides/best-coffee-for-caffeine,1970-01-01
https://graycup.in/guides/best-coffee-for-cold-brew,1970-01-01
https://graycup.in/guides/best-coffee-for-drinking-black,1970-01-01
https://graycup.in/guides/best-coffee-for-energy,1970-01-01
https://graycup.in/guides/best-coffee-for-espresso-at-home,1970-01-01
https://graycup.in/guides/best-coffee-for-fat-loss,1970-01-01
https://graycup.in/guides/best-coffee-for-focus-and-studying,1970-01-01
https://graycup.in/guides/best-coffee-for-french-press,1970-01-01
https://graycup.in/guides/best-coffee-for-gym,1970-01-01
https://graycup.in/guides/best-coffee-for-intermittent-fasting,1970-01-01
https://graycup.in/guides/best-coffee-for-metabolism,1970-01-01
https://graycup.in/guides/best-coffee-for-milk-coffee,1970-01-01
https://graycup.in/guides/best-coffee-for-moka-pot,1970-01-01
https://graycup.in/guides/best-coffee-for-morning-workout,1970-01-01
https://graycup.in/guides/best-coffee-for-night-shift,1970-01-01
https://graycup.in/guides/best-coffee-for-pour-over,1970-01-01
https://graycup.in/guides/best-coffee-for-running,1970-01-01
https://graycup.in/guides/best-coffee-for-staying-awake,1970-01-01
https://graycup.in/guides/best-coffee-for-the-office,1970-01-01
https://graycup.in/guides/best-coffee-powder-for-black-coffee,1970-01-01
https://graycup.in/guides/best-coffee-under-500-in-india,1970-01-01
https://graycup.in/guides/best-dark-roast-coffee-in-india,1970-01-01
https://graycup.in/guides/best-filter-coffee-for-home,1970-01-01
https://graycup.in/guides/best-filter-coffee-in-india,1970-01-01
https://graycup.in/guides/best-filter-coffee-powder-in-india,1970-01-01
https://graycup.in/guides/best-ground-coffee-for-milk,1970-01-01
https://graycup.in/guides/best-light-roast-coffee-in-india,1970-01-01
https://graycup.in/guides/best-medium-roast-coffee-in-india,1970-01-01
https://graycup.in/guides/best-non-bitter-coffee,1970-01-01
https://graycup.in/guides/best-robusta-coffee-in-india,1970-01-01
https://graycup.in/guides/best-smooth-black-coffee,1970-01-01
https://graycup.in/guides/best-south-indian-filter-coffee,1970-01-01
https://graycup.in/guides/best-strong-coffee-in-india,1970-01-01
https://graycup.in/guides/best-strong-filter-coffee,1970-01-01
https://graycup.in/guides/best-time-to-drink-black-coffee,1970-01-01
https://graycup.in/guides/black-coffee-benefits,1970-01-01
https://graycup.in/guides/black-coffee-for-diabetes,1970-01-01
https://graycup.in/guides/black-coffee-vs-espresso,1970-01-01
https://graycup.in/guides/black-coffee-vs-milk-coffee,1970-01-01
https://graycup.in/guides/chicory-coffee-benefits,1970-01-01
https://graycup.in/guides/coffee-and-sleep,1970-01-01
https://graycup.in/guides/coffee-grind-size-guide,1970-01-01
https://graycup.in/guides/coffee-on-an-empty-stomach,1970-01-01
https://graycup.in/guides/coffee-vs-chicory,1970-01-01
https://graycup.in/guides/decaf-coffee-in-india,1970-01-01
https://graycup.in/guides/filter-coffee-vs-instant-coffee,1970-01-01
https://graycup.in/guides/highest-caffeine-coffee-in-india,1970-01-01
https://graycup.in/guides/how-much-caffeine-in-a-cup-of-coffee,1970-01-01
https://graycup.in/guides/how-to-choose-coffee,1970-01-01
https://graycup.in/guides/how-to-make-black-coffee,1970-01-01
https://graycup.in/guides/how-to-reset-caffeine-tolerance,1970-01-01
https://graycup.in/guides/how-to-store-coffee,1970-01-01
https://graycup.in/guides/is-black-coffee-good-for-you,1970-01-01
https://graycup.in/guides/is-coffee-a-good-pre-workout,1970-01-01
https://graycup.in/guides/is-filter-coffee-good-for-you,1970-01-01
https://graycup.in/guides/light-roast-vs-dark-roast-coffee,1970-01-01
https://graycup.in/guides/natural-vs-washed-coffee,1970-01-01
https://graycup.in/guides/single-origin-vs-blend-coffee,1970-01-01
https://graycup.in/guides/what-is-honey-processed-coffee,1970-01-01
https://graycup.in/gujarat/ahmedabad/coffee-products,1970-01-01
https://graycup.in/gujarat/ahmedabad/filter-coffee,1970-01-01
https://graycup.in/gujarat/ahmedabad/ground-coffee,1970-01-01
https://graycup.in/gujarat/filter-coffee,1970-01-01
https://graycup.in/gujarat/rajkot/black-coffee,1970-01-01
https://graycup.in/gujarat/rajkot/ground-coffee,1970-01-01
https://graycup.in/gujarat/vadodara/black-coffee,1970-01-01
https://graycup.in/gujarat/vadodara/coffee-products,1970-01-01
https://graycup.in/haryana/coffee-products,1970-01-01
https://graycup.in/haryana/hisar/coffee-products,1970-01-01
https://graycup.in/haryana/hisar/filter-coffee,1970-01-01
https://graycup.in/haryana/panipat/black-coffee,1970-01-01
https://graycup.in/haryana/panipat/filter-coffee,1970-01-01
https://graycup.in/haryana/panipat/ground-coffee,1970-01-01
https://graycup.in/haryana/rohtak/black-coffee,1970-01-01
https://graycup.in/haryana/rohtak/filter-coffee,1970-01-01
https://graycup.in/haryana/rohtak/ground-coffee,1970-01-01
https://graycup.in/himachal-pradesh/black-coffee,1970-01-01
https://graycup.in/himachal-pradesh/coffee-products,1970-01-01
https://graycup.in/himachal-pradesh/filter-coffee,1970-01-01
https://graycup.in/himachal-pradesh/shimla/coffee-products,1970-01-01
https://graycup.in/himachal-pradesh/shimla/filter-coffee,1970-01-01
https://graycup.in/himachal-pradesh/shimla/ground-coffee,1970-01-01
https://graycup.in/jammu-and-kashmir/srinagar/black-coffee,1970-01-01
https://graycup.in/jammu-and-kashmir/srinagar/coffee-products,1970-01-01
https://graycup.in/jharkhand/dhanbad/filter-coffee,1970-01-01
https://graycup.in/jharkhand/filter-coffee,1970-01-01
https://graycup.in/karnataka/mysuru/filter-coffee,1970-01-01
https://graycup.in/karnataka/mysuru/ground-coffee,1970-01-01
https://graycup.in/kerala/kochi/coffee-products,1970-01-01
https://graycup.in/kerala/kochi/ground-coffee,1970-01-01
https://graycup.in/kerala/kollam/black-coffee,1970-01-01
https://graycup.in/kerala/thiruvananthapuram/black-coffee,1970-01-01
https://graycup.in/kerala/thiruvananthapuram/coffee-products,1970-01-01
https://graycup.in/kerala/thiruvananthapuram/ground-coffee,1970-01-01
https://graycup.in/madhya-pradesh/bhopal/black-coffee,1970-01-01
https://graycup.in/madhya-pradesh/bhopal/filter-coffee,1970-01-01
https://graycup.in/madhya-pradesh/bhopal/ground-coffee,1970-01-01
https://graycup.in/madhya-pradesh/gwalior/filter-coffee,1970-01-01
https://graycup.in/madhya-pradesh/indore/black-coffee,1970-01-01
https://graycup.in/madhya-pradesh/indore/ground-coffee,1970-01-01
https://graycup.in/madhya-pradesh/jabalpur/filter-coffee,1970-01-01
https://graycup.in/maharashtra/filter-coffee,1970-01-01
https://graycup.in/maharashtra/ground-coffee,1970-01-01
https://graycup.in/maharashtra/mumbai/ground-coffee,1970-01-01
https://graycup.in/maharashtra/nagpur/black-coffee,1970-01-01
https://graycup.in/maharashtra/nashik/black-coffee,1970-01-01
https://graycup.in/maharashtra/pune/black-coffee,1970-01-01
https://graycup.in/maharashtra/pune/ground-coffee,1970-01-01
https://graycup.in/manipur/imphal/black-coffee,1970-01-01
https://graycup.in/manipur/imphal/ground-coffee,1970-01-01
https://graycup.in/meghalaya/shillong/filter-coffee,1970-01-01
https://graycup.in/meghalaya/shillong/ground-coffee,1970-01-01
https://graycup.in/mizoram/aizawl/black-coffee,1970-01-01
https://graycup.in/mizoram/aizawl/ground-coffee,1970-01-01
https://graycup.in/mizoram/coffee-products,1970-01-01
https://graycup.in/mizoram/filter-coffee,1970-01-01
https://graycup.in/nagaland/black-coffee,1970-01-01
https://graycup.in/nagaland/ground-coffee,1970-01-01
https://graycup.in/nagaland/kohima/black-coffee,1970-01-01
https://graycup.in/nagaland/kohima/coffee-products,1970-01-01
https://graycup.in/odisha/berhampur/black-coffee,1970-01-01
https://graycup.in/odisha/berhampur/coffee-products,1970-01-01
https://graycup.in/odisha/berhampur/filter-coffee,1970-01-01
https://graycup.in/odisha/berhampur/ground-coffee,1970-01-01
https://graycup.in/odisha/bhubaneswar/coffee-products,1970-01-01
https://graycup.in/odisha/bhubaneswar/filter-coffee,1970-01-01
https://graycup.in/odisha/bhubaneswar/ground-coffee,1970-01-01
https://graycup.in/odisha/cuttack/black-coffee,1970-01-01
https://graycup.in/odisha/cuttack/coffee-products,1970-01-01
https://graycup.in/odisha/cuttack/filter-coffee,1970-01-01
https://graycup.in/odisha/cuttack/ground-coffee,1970-01-01
https://graycup.in/odisha/rourkela/black-coffee,1970-01-01
https://graycup.in/odisha/rourkela/coffee-products,1970-01-01
https://graycup.in/odisha/rourkela/ground-coffee,1970-01-01
https://graycup.in/payment/failure,1970-01-01
https://graycup.in/products/attikan-estate-honey-sundried-coffee,1970-01-01
https://graycup.in/products/brown-valley-hsd-coffee,1970-01-01
https://graycup.in/products/brown-valley-wild-civet-coffee,1970-01-01
https://graycup.in/products/custom-arabica-robusta-blend,1970-01-01
https://graycup.in/products/dream-hill-koraput-coffee,1970-01-01
https://graycup.in/products/filter-coffee-80-arabica-20-robusta,1970-01-01
https://graycup.in/products/filter-coffee-90-arabica-10-robusta,1970-01-01
https://graycup.in/products/filter-coffee-95-arabica-5-robusta,1970-01-01
https://graycup.in/products/green-coffee-attikan-washed,1970-01-01
https://graycup.in/products/green-coffee-biccode-estate,1970-01-01
https://graycup.in/products/green-coffee-halflong-assam,1970-01-01
https://graycup.in/puducherry/ground-coffee,1970-01-01
https://graycup.in/puducherry/puducherry/ground-coffee,1970-01-01
https://graycup.in/punjab/amritsar/black-coffee,1970-01-01
https://graycup.in/punjab/amritsar/ground-coffee,1970-01-01
https://graycup.in/punjab/ground-coffee,1970-01-01
https://graycup.in/punjab/jalandhar/ground-coffee,1970-01-01
https://graycup.in/punjab/ludhiana/black-coffee,1970-01-01
https://graycup.in/punjab/ludhiana/ground-coffee,1970-01-01
https://graycup.in/punjab/patiala/black-coffee,1970-01-01
https://graycup.in/punjab/patiala/filter-coffee,1970-01-01
https://graycup.in/punjab/patiala/ground-coffee,1970-01-01
https://graycup.in/rajasthan/bikaner/coffee-products,1970-01-01
https://graycup.in/rajasthan/jaipur/coffee-products,1970-01-01
https://graycup.in/rajasthan/jodhpur/coffee-products,1970-01-01
https://graycup.in/rajasthan/jodhpur/filter-coffee,1970-01-01
https://graycup.in/rajasthan/jodhpur/ground-coffee,1970-01-01
https://graycup.in/rajasthan/kota/black-coffee,1970-01-01
https://graycup.in/rajasthan/kota/coffee-products,1970-01-01
https://graycup.in/roasted-coffee-beans-for-cafes,1970-01-01
https://graycup.in/roasted-coffee-beans-for-cafes/agartala,1970-01-01
https://graycup.in/roasted-coffee-beans-for-cafes/agra,1970-01-01
https://graycup.in/roasted-coffee-beans-for-cafes/ahmedabad,1970-01-01
https://graycup.in/roasted-coffee-beans-for-cafes/aizawl,1970-01-01
https://graycup.in/roasted-coffee-beans-for-cafes/amaravati-vijayawada-guntur,1970-01-01
https://graycup.in/roasted-coffee-beans-for-cafes/amritsar,1970-01-01
https://graycup.in/roasted-coffee-beans-for-cafes/asansol,1970-01-01
https://graycup.in/roasted-coffee-beans-for-cafes/bengaluru,1970-01-01
https://graycup.in/roasted-coffee-beans-for-cafes/berhampur,1970-01-01
https://graycup.in/roasted-coffee-beans-for-cafes/bhagalpur,1970-01-01
https://graycup.in/roasted-coffee-beans-for-cafes/bhilai,1970-01-01
https://graycup.in/roasted-coffee-beans-for-cafes/bhopal,1970-01-01
https://graycup.in/roasted-coffee-beans-for-cafes/bhubaneswar,1970-01-01
https://graycup.in/roasted-coffee-beans-for-cafes/bikaner,1970-01-01
https://graycup.in/roasted-coffee-beans-for-cafes/bilaspur,1970-01-01
https://graycup.in/roasted-coffee-beans-for-cafes/bokaro,1970-01-01
https://graycup.in/roasted-coffee-beans-for-cafes/chandigarh,1970-01-01
https://graycup.in/roasted-coffee-beans-for-cafes/chennai,1970-01-01
https://graycup.in/roasted-coffee-beans-for-cafes/coimbatore,1970-01-01
https://graycup.in/roasted-coffee-beans-for-cafes/cuttack,1970-01-01
https://graycup.in/roasted-coffee-beans-for-cafes/dehradun,1970-01-01
https://graycup.in/roasted-coffee-beans-for-cafes/dhanbad,1970-01-01
https://graycup.in/roasted-coffee-beans-for-cafes/durgapur,1970-01-01
https://graycup.in/roasted-coffee-beans-for-cafes/gangtok,1970-01-01
https://graycup.in/roasted-coffee-beans-for-cafes/gaya,1970-01-01
https://graycup.in/roasted-coffee-beans-for-cafes/guntur,1970-01-01
https://graycup.in/roasted-coffee-beans-for-cafes/gurugram,1970-01-01
https://graycup.in/roasted-coffee-beans-for-cafes/guwahati,1970-01-01
https://graycup.in/roasted-coffee-beans-for-cafes/gwalior,1970-01-01
https://graycup.in/roasted-coffee-beans-for-cafes/haridwar,1970-01-01
https://graycup.in/roasted-coffee-beans-for-cafes/hisar,1970-01-01
https://graycup.in/roasted-coffee-beans-for-cafes/hubli-dharwad,1970-01-01
https://graycup.in/roasted-coffee-beans-for-cafes/hyderabad,1970-01-01
https://graycup.in/roasted-coffee-beans-for-cafes/imphal,1970-01-01
https://graycup.in/roasted-coffee-beans-for-cafes/indore,1970-01-01
https://graycup.in/roasted-coffee-beans-for-cafes/itanagar,1970-01-01
https://graycup.in/roasted-coffee-beans-for-cafes/jabalpur,1970-01-01
https://graycup.in/roasted-coffee-beans-for-cafes/jaipur,1970-01-01
https://graycup.in/roasted-coffee-beans-for-cafes/jalandhar,1970-01-01
https://graycup.in/roasted-coffee-beans-for-cafes/jammu,1970-01-01
https://graycup.in/roasted-coffee-beans-for-cafes/jamshedpur,1970-01-01
https://graycup.in/roasted-coffee-beans-for-cafes/jodhpur,1970-01-01
https://graycup.in/roasted-coffee-beans-for-cafes/kanpur,1970-01-01
https://graycup.in/roasted-coffee-beans-for-cafes/karimnagar,1970-01-01
https://graycup.in/roasted-coffee-beans-for-cafes/karnal,1970-01-01
https://graycup.in/roasted-coffee-beans-for-cafes/kochi,1970-01-01
https://graycup.in/roasted-coffee-beans-for-cafes/kohima,1970-01-01
https://graycup.in/roasted-coffee-beans-for-cafes/kolkata,1970-01-01
https://graycup.in/roasted-coffee-beans-for-cafes/kollam,1970-01-01
https://graycup.in/roasted-coffee-beans-for-cafes/korba,1970-01-01
https://graycup.in/roasted-coffee-beans-for-cafes/kota,1970-01-01
https://graycup.in/roasted-coffee-beans-for-cafes/lucknow,1970-01-01
https://graycup.in/roasted-coffee-beans-for-cafes/ludhiana,1970-01-01
https://graycup.in/roasted-coffee-beans-for-cafes/madurai,1970-01-01
https://graycup.in/roasted-coffee-beans-for-cafes/mangaluru,1970-01-01
https://graycup.in/roasted-coffee-beans-for-cafes/meerut,1970-01-01
https://graycup.in/roasted-coffee-beans-for-cafes/mumbai,1970-01-01
https://graycup.in/roasted-coffee-beans-for-cafes/muzaffarpur,1970-01-01
https://graycup.in/roasted-coffee-beans-for-cafes/mysuru,1970-01-01
https://graycup.in/roasted-coffee-beans-for-cafes/nagpur,1970-01-01
https://graycup.in/roasted-coffee-beans-for-cafes/nashik,1970-01-01
https://graycup.in/roasted-coffee-beans-for-cafes/nellore,1970-01-01
https://graycup.in/roasted-coffee-beans-for-cafes/new-delhi,1970-01-01
https://graycup.in/roasted-coffee-beans-for-cafes/nizamabad,1970-01-01
https://graycup.in/roasted-coffee-beans-for-cafes/noida,1970-01-01
https://graycup.in/roasted-coffee-beans-for-cafes/ozhukarai,1970-01-01
https://graycup.in/roasted-coffee-beans-for-cafes/panaji,1970-01-01
https://graycup.in/roasted-coffee-beans-for-cafes/panipat,1970-01-01
https://graycup.in/roasted-coffee-beans-for-cafes/patiala,1970-01-01
https://graycup.in/roasted-coffee-beans-for-cafes/patna,1970-01-01
https://graycup.in/roasted-coffee-beans-for-cafes/puducherry,1970-01-01
https://graycup.in/roasted-coffee-beans-for-cafes/pune,1970-01-01
https://graycup.in/roasted-coffee-beans-for-cafes/raipur,1970-01-01
https://graycup.in/roasted-coffee-beans-for-cafes/rajkot,1970-01-01
https://graycup.in/roasted-coffee-beans-for-cafes/ranchi,1970-01-01
https://graycup.in/roasted-coffee-beans-for-cafes/rohtak,1970-01-01
https://graycup.in/roasted-coffee-beans-for-cafes/rourkela,1970-01-01
https://graycup.in/roasted-coffee-beans-for-cafes/salem,1970-01-01
https://graycup.in/roasted-coffee-beans-for-cafes/shillong,1970-01-01
https://graycup.in/roasted-coffee-beans-for-cafes/shimla,1970-01-01
https://graycup.in/roasted-coffee-beans-for-cafes/silchar,1970-01-01
https://graycup.in/roasted-coffee-beans-for-cafes/siliguri,1970-01-01
https://graycup.in/roasted-coffee-beans-for-cafes/south-delhi,1970-01-01
https://graycup.in/roasted-coffee-beans-for-cafes/srinagar,1970-01-01
https://graycup.in/roasted-coffee-beans-for-cafes/surat,1970-01-01
https://graycup.in/roasted-coffee-beans-for-cafes/thiruvananthapuram,1970-01-01
https://graycup.in/roasted-coffee-beans-for-cafes/thrissur,1970-01-01
https://graycup.in/roasted-coffee-beans-for-cafes/vadodara,1970-01-01
https://graycup.in/roasted-coffee-beans-for-cafes/visakhapatnam,1970-01-01
https://graycup.in/roasted-coffee-beans-for-cafes/warangal,1970-01-01
https://graycup.in/roasted-wholesale-coffee/andhra-pradesh/visakhapatnam,1970-01-01
https://graycup.in/roasted-wholesale-coffee/arunachal-pradesh/itanagar,1970-01-01
https://graycup.in/roasted-wholesale-coffee/bihar/gaya,1970-01-01
https://graycup.in/roasted-wholesale-coffee/bihar/patna,1970-01-01
https://graycup.in/roasted-wholesale-coffee/chandigarh/chandigarh,1970-01-01
https://graycup.in/roasted-wholesale-coffee/chhattisgarh/raipur,1970-01-01
https://graycup.in/roasted-wholesale-coffee/delhi/gurugram,1970-01-01
https://graycup.in/roasted-wholesale-coffee/delhi/south-delhi,1970-01-01
https://graycup.in/roasted-wholesale-coffee/gujarat/ahmedabad,1970-01-01
https://graycup.in/roasted-wholesale-coffee/gujarat/surat,1970-01-01
https://graycup.in/roasted-wholesale-coffee/gujarat/vadodara,1970-01-01
https://graycup.in/roasted-wholesale-coffee/haryana,1970-01-01
https://graycup.in/roasted-wholesale-coffee/haryana/hisar,1970-01-01
https://graycup.in/roasted-wholesale-coffee/haryana/karnal,1970-01-01
https://graycup.in/roasted-wholesale-coffee/haryana/panipat,1970-01-01
https://graycup.in/roasted-wholesale-coffee/haryana/rohtak,1970-01-01
https://graycup.in/roasted-wholesale-coffee/himachal-pradesh,1970-01-01
https://graycup.in/roasted-wholesale-coffee/himachal-pradesh/shimla,1970-01-01
https://graycup.in/roasted-wholesale-coffee/karnataka/hubli-dharwad,1970-01-01
https://graycup.in/roasted-wholesale-coffee/kerala/kochi,1970-01-01
https://graycup.in/roasted-wholesale-coffee/kerala/thiruvananthapuram,1970-01-01
https://graycup.in/roasted-wholesale-coffee/madhya-pradesh/bhopal,1970-01-01
https://graycup.in/roasted-wholesale-coffee/madhya-pradesh/gwalior,1970-01-01
https://graycup.in/roasted-wholesale-coffee/madhya-pradesh/indore,1970-01-01
https://graycup.in/roasted-wholesale-coffee/madhya-pradesh/jabalpur,1970-01-01
https://graycup.in/roasted-wholesale-coffee/maharashtra/mumbai,1970-01-01
https://graycup.in/roasted-wholesale-coffee/maharashtra/nagpur,1970-01-01
https://graycup.in/roasted-wholesale-coffee/maharashtra/nashik,1970-01-01
https://graycup.in/roasted-wholesale-coffee/maharashtra/pune,1970-01-01
https://graycup.in/roasted-wholesale-coffee/manipur/imphal,1970-01-01
https://graycup.in/roasted-wholesale-coffee/meghalaya/shillong,1970-01-01
https://graycup.in/roasted-wholesale-coffee/mizoram/aizawl,1970-01-01
https://graycup.in/roasted-wholesale-coffee/nagaland/kohima,1970-01-01
https://graycup.in/roasted-wholesale-coffee/odisha/berhampur,1970-01-01
https://graycup.in/roasted-wholesale-coffee/odisha/bhubaneswar,1970-01-01
https://graycup.in/roasted-wholesale-coffee/odisha/cuttack,1970-01-01
https://graycup.in/roasted-wholesale-coffee/odisha/rourkela,1970-01-01
https://graycup.in/roasted-wholesale-coffee/puducherry/ozhukarai,1970-01-01
https://graycup.in/roasted-wholesale-coffee/puducherry/puducherry,1970-01-01
https://graycup.in/roasted-wholesale-coffee/punjab/amritsar,1970-01-01
https://graycup.in/roasted-wholesale-coffee/punjab/jalandhar,1970-01-01
https://graycup.in/roasted-wholesale-coffee/punjab/patiala,1970-01-01
https://graycup.in/roasted-wholesale-coffee/rajasthan/bikaner,1970-01-01
https://graycup.in/roasted-wholesale-coffee/sikkim/gangtok,1970-01-01
https://graycup.in/roasted-wholesale-coffee/tamil-nadu/chennai,1970-01-01
https://graycup.in/roasted-wholesale-coffee/tamil-nadu/coimbatore,1970-01-01
https://graycup.in/roasted-wholesale-coffee/tamil-nadu/madurai,1970-01-01
https://graycup.in/roasted-wholesale-coffee/telangana/hyderabad,1970-01-01
https://graycup.in/roasted-wholesale-coffee/telangana/karimnagar,1970-01-01
https://graycup.in/roasted-wholesale-coffee/tripura,1970-01-01
https://graycup.in/roasted-wholesale-coffee/tripura/agartala,1970-01-01
https://graycup.in/roasted-wholesale-coffee/uttar-pradesh/agra,1970-01-01
https://graycup.in/roasted-wholesale-coffee/uttar-pradesh/meerut,1970-01-01
https://graycup.in/roasted-wholesale-coffee/west-bengal/durgapur,1970-01-01
https://graycup.in/roasted-wholesale-coffee/west-bengal/kolkata,1970-01-01
https://graycup.in/sikkim/gangtok/black-coffee,1970-01-01
https://graycup.in/sikkim/gangtok/coffee-products,1970-01-01
https://graycup.in/sikkim/gangtok/ground-coffee,1970-01-01
https://graycup.in/subscribe/attikan-estate-honey-sundried-coffee,1970-01-01
https://graycup.in/subscribe/basic-black-coffee,1970-01-01
https://graycup.in/subscribe/brown-valley-hsd-coffee,1970-01-01
https://graycup.in/subscribe/brown-valley-wild-civet-coffee,1970-01-01
https://graycup.in/subscribe/custom-arabica-robusta-blend,1970-01-01
https://graycup.in/subscribe/dream-hill-koraput-coffee,1970-01-01
https://graycup.in/subscribe/filter-coffee-80-arabica-20-robusta,1970-01-01
https://graycup.in/subscribe/filter-coffee-90-arabica-10-robusta,1970-01-01
https://graycup.in/subscribe/filter-coffee-95-arabica-5-robusta,1970-01-01
https://graycup.in/subscribe/green-coffee-halflong-assam,1970-01-01
https://graycup.in/subscribe/karadykan-estate-coffee,1970-01-01
https://graycup.in/subscribe/pick-your-poison-sampler,1970-01-01
https://graycup.in/tamil-nadu/chennai/coffee-products,1970-01-01
https://graycup.in/tamil-nadu/chennai/filter-coffee,1970-01-01
https://graycup.in/tamil-nadu/chennai/ground-coffee,1970-01-01
https://graycup.in/tamil-nadu/coimbatore/black-coffee,1970-01-01
https://graycup.in/tamil-nadu/coimbatore/coffee-products,1970-01-01
https://graycup.in/tamil-nadu/coimbatore/filter-coffee,1970-01-01
https://graycup.in/tamil-nadu/coimbatore/ground-coffee,1970-01-01
https://graycup.in/tamil-nadu/madurai/black-coffee,1970-01-01
https://graycup.in/tamil-nadu/madurai/coffee-products,1970-01-01
https://graycup.in/tamil-nadu/salem/filter-coffee,1970-01-01
https://graycup.in/tamil-nadu/salem/ground-coffee,1970-01-01
https://graycup.in/telangana/filter-coffee,1970-01-01
https://graycup.in/terms,1970-01-01
https://graycup.in/tripura/agartala/black-coffee,1970-01-01
https://graycup.in/tripura/agartala/coffee-products,1970-01-01
https://graycup.in/tripura/agartala/ground-coffee,1970-01-01
https://graycup.in/uttarakhand/haridwar/coffee-products,1970-01-01
https://graycup.in/west-bengal/durgapur/filter-coffee,1970-01-01
https://graycup.in/west-bengal/kolkata/ground-coffee,1970-01-01
https://graycup.in/west-bengal/siliguri/black-coffee,1970-01-01